<title>Circle Custom Angle</title>

<style>
#chart {
  padding: 0;
  max-width: 650px;
  margin: 35px auto;
}

.apexcharts-legend text {
  font-weight: 900;
}
</style>

<chart>
<options>
chart: {
  height: 390,
  type: 'radialBar',
},
plotOptions: {
  radialBar: {
    offsetY: 0,
    startAngle: 0,
    endAngle: 270,
    hollow: {
      margin: 5,
      size: '30%',
      background: 'transparent',
      image: undefined,
    },
    dataLabels: {
      name: {
        show: false,
      },
      value: {
        show: false,
      }
    }
  }
},
colors: ['#1ab7ea', '#0084ff', '#39539E', '#0077B5'],
labels: ['Vimeo', 'Messenger', 'Facebook', 'LinkedIn'],
legend: {
  show: true,
  floating: true,
  fontSize: '16px',
  position: 'left',
  offsetX: 160,
  offsetY: 15,
  labels: {
    useSeriesColors: true,
  },
  markers: {
    size: 0
  },
  formatter: function(seriesName, opts) {
    return seriesName + ":  " + opts.w.globals.series[opts.seriesIndex]
  },
  itemMargin: {
    vertical: 3
  }
},
responsive: [{
  breakpoint: 480,
  options: {
    legend: {
        show: false
    }
  }
}]
</options>

<series>
[76, 67, 61, 90]
</series>
</chart>