<title>Monochrome Pie with multiline labels</title>

<style>
#chart {
  padding: 0;
  max-width: 380px;
  margin: 35px auto;
}
</style>

<chart>
<options>
chart: {
  width: '100%',
  type: 'pie',
},
labels: ["Monday", "Tuesday", "Wednesday", "Thursday", "Friday", "Saturday"],
theme: {
  monochrome: {
    enabled: true
  }
},
plotOptions: {
  pie: {
    dataLabels: {
      offset: -5
    }
  }
},
title: {
  text: "Number of leads"
},
dataLabels: {
  formatter(val, opts) {
    const name = opts.w.globals.labels[opts.seriesIndex]
    return [name, val.toFixed(1) + '%']
  }
},
legend: {
  show: false
}
</options>

<series>
[25, 15, 44, 55, 41, 17]
</series>
</chart>